acc,precision,f1,auc,recall,specificity,tp,fp,fn,tn,Camadas descongeladas,Nº épocas
0.7516309694581389,0.8315826055761707,0.7665154536905955,0.842428168089501,0.710891753318319,0.8064096286178192,74178,15023,30167,62579,3,20
