acc,precision,f1,auc,recall,specificity,fourier,in_channels,image_size,epochs,best_val_auc,pretrained
0.61,0.6530278232405892,0.6717171717171717,0.6349361456297553,0.6915077989601387,0.4988179669030733,magnitude,1,224,50,0.6343071012188659,google/vit-base-patch16-224
