acc,precision,f1,auc,recall,specificity,Camadas descongeladas,Nº épocas
0.613,0.7029914529914529,0.6296650717703349,0.6554854939751139,0.5701906412478336,0.6713947990543735,6,100
