acc,precision,f1,auc,recall,specificity,Camadas descongeladas,Nº épocas
0.6918937932474841,0.8099946072263168,0.6923672123230915,0.7825223713793306,0.6045713738080406,0.8093090384268447,6,20
