acc,precision,f1,auc,recall,specificity,Camadas descongeladas,Nº épocas
0.629,0.6373333333333333,0.720422004521477,0.6843643857729922,0.82842287694974,0.35697399527186763,3,100
