acc,precision,f1,auc,recall,specificity,fourier,in_channels,image_size,epochs,best_val_auc,pretrained
0.609,0.6774809160305344,0.6448683015440508,0.6483502751248613,0.6152512998266898,0.6004728132387707,frequency_3,1,224,50,0.6806335287493376,google/vit-base-patch16-224
